{"loss": [0.9089718743754901, 0.7681578024571567, 0.7127706071900073, 0.6794508662418757, 0.6572714712184999, 0.6369047092471476, 0.6272346690974764, 0.6178991924582898, 0.6117422386983364, 0.6047830869311525], "acc": [0.7284336090087891, 0.7536977529525757, 0.7638952732086182, 0.76683509349823, 0.7726228833198547, 0.7794212102890015, 0.7813504934310913, 0.7863114476203918, 0.7827285528182983, 0.7884244322776794], "val_loss": [0.7362476064386305, 0.6890303492984029, 0.6410996794569238, 0.6160669480501774, 0.5941176295149072, 0.5983934008313136, 0.596879507560751, 0.5767303123621271, 0.5656448972741968, 0.5558239951193289], "val_acc": [0.7722263336181641, 0.7777369618415833, 0.7795738577842712, 0.7927994132041931, 0.7916972637176514, 0.7858192324638367, 0.7939015626907349, 0.8034533262252808, 0.7957383990287781, 0.7990448474884033]}