{"loss": [0.8900359549980181, 0.7500743830099968, 0.7071876855470415, 0.6703837485175425, 0.6493520205865281, 0.6300398996131487, 0.6239095176147877, 0.6082177272536199, 0.5966017565269452, 0.6003732944881911], "acc": [0.7367937564849854, 0.7566375732421875, 0.7627009749412537, 0.7683968544006348, 0.7739090323448181, 0.7830960154533386, 0.7846577763557434, 0.788608193397522, 0.7935691475868225, 0.7916398644447327], "val_loss": [0.7759357961462667, 0.7133251764071855, 0.6675956712585438, 0.6485074804076195, 0.6215835340228, 0.6145566123634204, 0.6065680769591714, 0.6087346975633452, 0.6003430746304121, 0.5854037549130449], "val_acc": [0.749081552028656, 0.7623071074485779, 0.7700220346450806, 0.7810433506965637, 0.7898603677749634, 0.7887582778930664, 0.7953710556030273, 0.8019838333129883, 0.7883908748626709, 0.80308598279953]}