{"loss": [0.8932464819683851, 0.761213020266444, 0.7068383630503741, 0.6788630090862663, 0.6448741933047689, 0.6400091471806764, 0.6255277405214463, 0.6157821930955186, 0.604996735862378, 0.5993515017605398], "acc": [0.73605877161026, 0.7563619613647461, 0.7633440494537354, 0.7708773612976074, 0.7798805832862854, 0.7798805832862854, 0.7823610305786133, 0.7863114476203918, 0.7890675067901611, 0.7906293272972107], "val_loss": [0.7748800716598975, 0.7334873270541759, 0.6661073300086953, 0.6481766658263729, 0.6275841686149277, 0.6262791624387164, 0.6054131410561617, 0.6209557661013424, 0.5952982697676946, 0.5859980017581816], "val_acc": [0.7549595832824707, 0.7615723609924316, 0.7619397640228271, 0.778839111328125, 0.7806759476661682, 0.7700220346450806, 0.7814107537269592, 0.7821455001831055, 0.775165319442749, 0.7825128436088562]}