{"loss": [0.9073935596998756, 0.7552110834082278, 0.7074555086662422, 0.6721955793627807, 0.6504956531480851, 0.6374823650253657, 0.6303452253779743, 0.6164705836641499, 0.6077043320150292, 0.606850526795017], "acc": [0.7279742956161499, 0.7535139918327332, 0.7605879902839661, 0.7687643766403198, 0.7736334204673767, 0.7803398966789246, 0.7811667323112488, 0.7880569696426392, 0.7894350290298462, 0.7875057458877563], "val_loss": [0.7417779383985196, 0.6895309811256809, 0.653237297506914, 0.623408981735088, 0.6151553218326177, 0.6127193343718205, 0.6138132150167932, 0.5890568618078954, 0.6149018544055013, 0.5745925247494041], "val_acc": [0.7718589305877686, 0.7806759476661682, 0.779941201210022, 0.7843497395515442, 0.7972079515457153, 0.7869213819503784, 0.7942689061164856, 0.8005143404006958, 0.7839823365211487, 0.8093313574790955]}