{"loss": [0.89452393606928, 0.7526491078642678, 0.7078894700158557, 0.6739910708363033, 0.6523461414111772, 0.6348124984280473, 0.6266315926364325, 0.6147724775365585, 0.610794170613567, 0.6015390626090242], "acc": [0.7367937564849854, 0.7576481103897095, 0.7619659900665283, 0.7691318392753601, 0.7731741070747375, 0.7814423441886902, 0.7861276865005493, 0.7875057458877563, 0.7904455661773682, 0.788608193397522], "val_loss": [0.7738620260898722, 0.6986136819666401, 0.6605838966842612, 0.6316705368442802, 0.6136728193635541, 0.6102802166817908, 0.5878153564209977, 0.5820035618688147, 0.5829786864560287, 0.5900016150695274], "val_acc": [0.7601028680801392, 0.7744305729866028, 0.7839823365211487, 0.7898603677749634, 0.7909625172615051, 0.7979426980018616, 0.801249086856842, 0.8074944615364075, 0.8052902221679688, 0.807861864566803]}