{"loss": [0.8957493837075766, 0.7479004602011705, 0.6908814146040118, 0.6569938025673869, 0.6374971922242318, 0.6200601587656391, 0.6066676060705487, 0.6007404608468041, 0.593737314390271, 0.5913931451248476], "acc": [0.7349563837051392, 0.7571887969970703, 0.7643546462059021, 0.7740009427070618, 0.777216374874115, 0.7841065526008606, 0.7872301340103149, 0.7891594171524048, 0.789618730545044, 0.7925585508346558], "val_loss": [0.7609471173780442, 0.6927323210861296, 0.6522689770461004, 0.6213584194544218, 0.618674078878237, 0.5984326891716046, 0.5793755151698206, 0.5971292634217464, 0.5761231039921034, 0.5952038256496651], "val_acc": [0.7575312256813049, 0.7722263336181641, 0.7806759476661682, 0.7880235314369202, 0.7880235314369202, 0.7843497395515442, 0.804188072681427, 0.7869213819503784, 0.8063923716545105, 0.7773695588111877]}