{"loss": [0.8875105219255306, 0.7509751319720979, 0.7041064555457714, 0.6676693483619006, 0.6470352036667133, 0.6327540061755306, 0.6256576975770757, 0.611357806234881, 0.6038247564734808, 0.5934013290509589], "acc": [0.7390905022621155, 0.7615066766738892, 0.7674781680107117, 0.7731741070747375, 0.7786862850189209, 0.7794212102890015, 0.7836472392082214, 0.7882406711578369, 0.79338538646698, 0.7942122220993042], "val_loss": [0.7974930554518885, 0.7110072534194682, 0.6640499221499049, 0.6706179648659669, 0.6346762727762653, 0.621221383471072, 0.6027120897035928, 0.6026271193190412, 0.5942787984160269, 0.5862202245815986], "val_acc": [0.750918447971344, 0.7637766599655151, 0.7692872881889343, 0.7681851387023926, 0.775165319442749, 0.7821455001831055, 0.7942689061164856, 0.7839823365211487, 0.7865539789199829, 0.8008816838264465]}