{"loss": [0.9006871098326498, 0.7545977376226881, 0.7132634895900328, 0.6756660491214413, 0.6523053795195086, 0.6312896233717673, 0.6130854032485377, 0.6110709648163537, 0.5985800728455124, 0.5952807053944141], "acc": [0.7316490411758423, 0.7576481103897095, 0.7635278105735779, 0.7694993019104004, 0.776757001876831, 0.7801561951637268, 0.786219596862793, 0.7864032983779907, 0.7936609983444214, 0.7937528491020203], "val_loss": [0.7816497056493857, 0.7355088726901378, 0.6918486823039752, 0.6723769286334033, 0.6478464228541075, 0.6422457455559568, 0.6275828412838669, 0.6143799044033081, 0.6202046268569643, 0.6105406801657673], "val_acc": [0.7567964792251587, 0.7601028680801392, 0.7630418539047241, 0.7612050175666809, 0.773328423500061, 0.7759000658988953, 0.7755327224731445, 0.7872887849807739, 0.7806759476661682, 0.7942689061164856]}