{"loss": [0.9013835278135623, 0.7560452078480648, 0.7128760176606829, 0.680465066022264, 0.6540387832987018, 0.6357026200804844, 0.6240186993332154, 0.614042134724684, 0.6038494976113354, 0.5955566140397405], "acc": [0.7356913089752197, 0.7593936324119568, 0.7634359002113342, 0.7635278105735779, 0.7714285850524902, 0.7840147018432617, 0.7823610305786133, 0.7889756560325623, 0.7900781035423279, 0.7920992374420166], "val_loss": [0.7552742097940102, 0.7189322720328996, 0.6663928199436278, 0.6464053228617941, 0.6241460641371162, 0.6052883929141211, 0.6085283557865919, 0.5911976525575076, 0.5783249399379103, 0.5762596686126378], "val_acc": [0.7689198851585388, 0.7571638226509094, 0.7725936770439148, 0.7744305729866028, 0.7894930243492126, 0.7905951738357544, 0.7828802466392517, 0.8027185797691345, 0.8034533262252808, 0.804922878742218]}