{"loss": [0.8991120560102415, 0.7407237334047703, 0.695538846998517, 0.6600996762363528, 0.6412077720799356, 0.6349901253880302, 0.6169141207504667, 0.612303192904634, 0.6081354854519783, 0.6057459169563264], "acc": [0.7295360565185547, 0.7585668563842773, 0.7640790343284607, 0.7731741070747375, 0.7788699865341187, 0.7811667323112488, 0.786219596862793, 0.7870463728904724, 0.7899861931800842, 0.7894350290298462], "val_loss": [0.7476017182579293, 0.6928377570166998, 0.6385394328826057, 0.6287986778494717, 0.5986254202977951, 0.5940266132004378, 0.5877234568760554, 0.5772808943926456, 0.5829212016957722, 0.577983673193891], "val_acc": [0.7692872881889343, 0.7681851387023926, 0.78177809715271, 0.7950036525726318, 0.7961058020591736, 0.7939015626907349, 0.8045554757118225, 0.7979426980018616, 0.8063923716545105, 0.809698760509491]}